"objective","scenario","ann_return","xi_ann_return","active_ann_return","downside_capture","downside_preservation","cvar_loss","xi_cvar_loss","maxdd_loss","xi_maxdd_loss"
"enhanced_growth_anchor_dd_budget_policy","base","0.1086713558463951","-0.032233727990798045","0.14090508383719316","0.7046763688077542","True","0.014050975836476432","0.013491027952182636","0.06024666925165423","0.06456378744770175"
"enhanced_growth_anchor_dd_budget_policy","rebalance_cost_5bps","0.1056713558463951","-0.032233727990798045","0.13790508383719316","0.7046763688077542","True","0.014050975836476432","0.013491027952182636","0.060246669251653895","0.06456378744770175"
"enhanced_growth_anchor_dd_budget_policy","remove_top_5pct_active","0.06484949912261466","-0.032233727990798045","0.09708322711341272","0.7747227298541898","True","0.014050975836476432","0.013491027952182636","0.06400903662057511","0.06456378744770175"
"enhanced_growth_anchor_dd_budget_policy","downside_returns_25pct_worse","-0.0015421741971423063","-0.032233727990798045","0.030691553793655738","0.8808454610096927","False","0.017563719795595543","0.013491027952182636","0.0780428032056778","0.06456378744770175"
